EIC-код,total_kwh,mean_kwh,median_kwh,std_kwh,n_records,mean_price,mean_dist,cv
62Z0008583037334,319926.0,21.891747639250035,22.0,5.213543605808608,14614,5.039877103508964,2.2406445723279047,0.23815109198779405
62Z0011230718431,183256.0,12.539756397974545,12.247156937073541,4.099549171146082,14614,5.039877103508964,2.2321933139455314,0.3269241475702233
62Z0096677872985,279090.0,19.097440810182018,18.938638309745997,4.673379856266966,14614,5.039877103508964,2.2406445723279047,0.2447123623902162
62Z0101426517156,855143.9999999998,58.51539619542903,47.10514802391716,77.0276231475735,14614,5.039877103508964,1.7971016812645406,1.3163650621166019
62Z013852333354Y,859820.0,58.83536335021213,53.15186384620685,28.731030215268554,14614,5.039877103508964,1.7971016812645406,0.48832927306405366
62Z0188778556192,121981.0,8.794592645998558,8.15814304585771,3.9384834682892786,13870,5.003301098160057,2.2453882869502526,0.4478301186674343
62Z0211989286227,283544.0,19.402217052141783,19.0,5.40884600254352,14614,5.039877103508964,1.5475602449705763,0.2787746363215973
62Z0232888687220,35629.0,2.564344321289765,1.9494342816567274,1.8714016240384854,13894,5.0566979759522095,1.679719503382755,0.7297778260515512
62Z0257942815672,180766.0,12.369371835226495,12.323637027315947,3.711989072401252,14614,5.039877103508964,2.178163515122485,0.3000951965749748
62Z0259886906816,205453.0,14.058642397700835,14.417657152161116,3.5446679425402374,14614,5.039877103508964,1.7760958786095522,0.2521344410268189
62Z0271773349182,339875.0,23.2568085397564,23.74941643196942,5.84774835078594,14614,5.039877103508964,1.6436284412207471,0.2514424255928966
62Z0285733378448,229768.0,15.722457917065828,15.896547083595063,4.778714060638336,14614,5.039877103508964,2.190487030929246,0.30394192090355765
62Z0352290641310,2393.0,0.1637470918297523,0.16024273689712687,0.08661464436891572,14614,5.039877103508964,1.68384176679896,0.5289537872157686
62Z0453715929868,18779.999999999996,1.2850691118105924,1.3259999999999994,0.29451522959292614,14614,5.039877103508964,1.7760958786095522,0.22918240496650816
62Z0494602382356,318697.0,21.807650198439852,21.598313097811996,6.174502226379594,14614,5.039877103508964,1.68384176679896,0.2831346876070731
62Z0499856982765,246872.0,16.892842479813876,16.55124068653539,5.030207077412295,14614,5.039877103508964,1.912564885041741,0.2977715019496066
62Z052548745986I,200405.0,13.713220199808402,13.157418491393733,5.010651888692651,14614,5.039877103508964,2.0967634165868345,0.3653884219523186
62Z0602349894257,39645.0,3.1956311462195712,3.034602363419224,1.0105789983904114,12406,5.000438663192004,2.089235989843624,0.3162376858123709
62Z0611125169123,306648.0,20.983166826330915,20.170578043356663,8.394586605904754,14614,5.039877103508964,2.190487030929246,0.40006290162887764
62Z0628247731117,215309.0,14.733064185028056,14.436439357917003,4.339932432829431,14614,5.039877103508964,1.5475602449705763,0.29457093095676123
62Z0650102958310,212902.0,14.568359107704941,13.613766609600065,5.52750900900754,14614,5.039877103508964,1.68384176679896,0.3794187779242853
62Z0679061212471,73428.0,14.366660144785756,14.497155329731276,3.1944628316866073,5111,4.100012104331833,1.8086,0.22235250221646033
62Z0717322121288,3901.0,2.7090277777777776,2.7539105766001386,0.5036403505710161,1440,3.502805926333333,2.15221,0.18591184435331023
62Z0760150283041,272663.0,18.657657041193378,19.317503298309397,4.2275529496196596,14614,5.039877103508964,1.897093938004653,0.22658541425034456
62Z0763594350330,21787.0,1.4908307102778158,1.2862112498912786,0.7310641674033826,14614,5.039877103508964,1.68384176679896,0.4903736972705299
62Z0781092622088,422078.0,28.88175721910497,29.124974560847548,7.241550035328667,14614,5.039877103508964,1.3683091467086357,0.25073093650058315
62Z0832092193888,200070.0,13.690296975502942,13.900395128697731,5.330233514999656,14614,5.039877103508964,1.68384176679896,0.38934389257862234
62Z0861889954804,367872.0,25.172574243875736,25.851649246024653,5.802778258966166,14614,5.039877103508964,1.3683091467086357,0.23051985874579078
62Z0878741618562,166606.0,11.400437936225536,11.268715118983426,4.48204326859485,14614,5.039877103508964,1.68384176679896,0.39314658732125585
62Z0961732571457,237492.0,16.25099219926098,15.969346734942846,4.382694759250727,14614,5.039877103508964,1.3683091467086357,0.2696878261654714
62Z0966299278375,155855.0,10.664773504858355,10.811353101255815,2.765674722731927,14614,5.039877103508964,2.1115991302860273,0.2593280318116479
62Z0998466306766,150016.0,10.26522512659094,9.812561828089217,3.749737281441164,14614,5.039877103508964,1.5475602449705763,0.365285440426229
62Z1008745793703,168588.0,11.536061311071576,11.41283502102751,2.9420285763898075,14614,5.039877103508964,1.68384176679896,0.2550288609827547
62Z1011664646618,188421.0,12.893184617490078,13.098575967685916,3.3908082949864555,14614,5.039877103508964,1.897093938004653,0.2629923014044722
62Z1026971387441,179602.0,12.289722184206925,12.710182787838715,3.5081152079228706,14614,5.039877103508964,2.190487030929246,0.285451140012833
62Z1037291599086,188619.0,12.906733269467633,12.540568704040606,4.270200849948696,14614,5.039877103508964,1.6436284412207471,0.3308506312786636
62Z1040856316899,73855.0,12.665923512262047,12.857842644587425,2.971285655867001,5831,5.383465886756988,1.76339,0.2345889467112651
62Z1052783389048,84255.0,14.449494083347625,14.553929596829633,3.322801860338521,5831,5.383465886756988,1.76339,0.22995973707950762
62Z1067720741039,140055.0,24.019036185902934,22.94013191068799,7.673528069651787,5831,5.383465886756988,1.42898,0.3194769353049842
62Z1077202948019,181202.0,12.399206240591214,12.3586591129939,3.2971393512555074,14614,5.039877103508964,1.68384176679896,0.2659153567799913
62Z1092353551490,223030.0,15.26139318461749,15.428656839388344,5.16419778502596,14614,5.039877103508964,0.7857774127548925,0.33838311630887946
62Z1105854285450,173500.0,12.508110446254776,12.09079753849672,4.213729359067783,13871,5.013407764853292,0.7843406610914859,0.3368797691044912
62Z1108084147506,65897.0,11.301149031040987,11.9676437493154,2.9163665246739185,5831,5.383465886756988,2.2789,0.258059292613831
62Z1118549203538,137805.00000000003,9.429656493773097,9.184500000000003,3.4520255749007425,14614,5.039877103508964,1.94088828178459,0.36608179493922166
62Z1124575209846,140161.0,9.59087176679896,9.413324755164773,3.8740561348734746,14614,5.039877103508964,2.178163515122485,0.40393159548691115
62Z1142387881356,36671.0,3.595548583194431,3.0475447009404855,1.7985767730693494,10199,4.990583615315227,1.7397277546818313,0.5002231874924135
62Z1175275386589,134687.99999999994,23.098610872920588,22.928999999999984,3.2051572189135635,5831,5.383465886756988,1.42898,0.1387597391266111
62Z1180469265339,242903.0,16.6212535924456,15.682815771259968,6.719428855798678,14614,5.039877103508964,1.68384176679896,0.40426727252706585
62Z1192270413312,169080.0,11.569727658409745,11.627573346687331,4.7677627486172955,14614,5.039877103508964,2.190487030929246,0.4120894535621786
62Z1209368438999,285687.0,19.54885726016149,17.501065003995436,8.477325092344559,14614,5.039877103508964,1.68384176679896,0.4336481145432707
62Z1218299930809,225018.0,15.39742712467497,14.87881307916614,4.312386676368356,14614,5.039877103508964,1.68384176679896,0.2800719004188427
62Z1291599260160,161735.0,11.660778658976207,11.806828971856127,3.250894084635443,13870,4.986526735229993,2.3523402126892576,0.2787887652882406
62Z131639303888J,138592.0,9.483508964007116,9.545880694206227,2.5318198644824528,14614,5.039877103508964,2.0967634165868345,0.26697078835392063
62Z1325310425194,246676.0,16.8794306829068,16.346781046684647,5.87401329533401,14614,5.039877103508964,1.897093938004653,0.3479983066776307
62Z132888029374Z,197904.0,13.542082934172711,13.837820930280863,3.493735007095634,14614,5.039877103508964,1.6436284412207471,0.25799096225288826
62Z1335377683815,185680.0,12.705624743396744,12.007968500105552,4.399436445857236,14614,5.039877103508964,1.68384176679896,0.3462589628379882
62Z1369451614498,198276.0,20.864569083447332,20.18778801843318,6.059162763579744,9503,5.545364845358308,2.2061917352415024,0.2904044046798317
62Z1393717815036,200581.0,13.725263446010675,13.66621124270966,3.757492442497525,14614,5.039877103508964,1.6871056459559326,0.27376468635942003
62Z1419007174687,131466.0,8.995894347885589,8.886613592485737,2.4329611069375625,14614,5.039877103508964,1.5475602449705763,0.27045238781727243
62Z1426991213062,321266.0,21.983440536471875,22.521652235759692,4.923504391824841,14614,5.039877103508964,1.6436284412207471,0.22396423269853716
62Z1471375271708,208095.0,14.239427945805392,14.648598843789095,5.55146710948849,14614,5.039877103508964,1.6436284412207471,0.38986588018964796
62Z1476408174577,80717.0,5.523265361981662,5.410869822625334,1.7713692523382318,14614,5.039877103508964,1.4176984959627754,0.3207105102230127
62Z1483215110522,239209.0,16.368482277268374,16.19633575500371,4.702465657535792,14614,5.039877103508964,1.68384176679896,0.28728782411710285
62Z1515842202934,511425.0,34.99555221020939,33.0,13.459404618372737,14614,5.039877103508964,1.7275544128917475,0.384603292942072
62Z1528625762710,279679.0,19.137744628438483,18.608882479837657,5.174159984136706,14614,5.039877103508964,1.3683091467086357,0.2703641460680774
62Z1626313673880,207420.0,14.19323935951827,14.241739394070642,3.7376374733516142,14614,5.039877103508964,1.912564885041741,0.26333928278642604
62Z1657030092515,165518.0,11.32598877788422,10.977906822153004,3.9183323160627,14614,5.039877103508964,1.897093938004653,0.3459594030071672
62Z1659898074045,62408.0,10.702795403875836,10.16901856153984,3.4963463447413514,5831,5.383465886756988,2.2789,0.32667599564457794
62Z1667171467788,229675.0,15.71609415628849,15.23126786129891,5.201299213520103,14614,5.039877103508964,2.2406445723279047,0.3309536810988692
62Z1699793733727,226615.0,15.506705898453538,15.67431082700759,4.189257488069524,14614,5.039877103508964,2.2321933139455314,0.270157795956349
62Z1771663109656,45952.0,3.1443820993567813,3.0308000573671308,1.0303662037796018,14614,5.039877103508964,1.68384176679896,0.32768479504776943
62Z1774668832410,794571.0,54.37053510332558,55.4810366556028,14.465957021095443,14614,5.039877103508964,1.6436284412207471,0.26606243608977526
62Z1776504505608,186499.0,12.76166689475845,12.83765933805261,3.1771116624916482,14614,5.039877103508964,1.6871056459559326,0.24895741980199868
62Z1781749778395,234943.0,16.076570411933762,16.108999999999998,4.690020626715199,14614,5.039877103508964,1.912564885041741,0.29173017046183936
62Z1785740293700,89655.0,15.375578802949752,15.877321570620177,4.342956402404111,5831,5.383465886756988,0.8126,0.2824580757617352
62Z1785888164071,606238.0,41.483372108936635,42.0,9.922294514620633,14614,5.039877103508964,1.897093938004653,0.23918726974664395
62Z1796820029369,274398.0,18.77637881483509,19.131976427382455,6.096520041010064,14614,5.039877103508964,0.7857774127548925,0.3246909375408023
62Z1797927643038,96156.0,16.490481907048533,17.11379264451444,4.63400652174618,5831,5.383465886756988,2.2789,0.2810109824483337
62Z1811965727106,136247.0,9.323046393868893,9.545565347409438,3.211723987628333,14614,5.039877103508964,1.4176984959627754,0.3444929749293596
62Z1829125017921,290462.0,19.875598740933352,19.87261120910629,5.764073975933809,14614,5.039877103508964,2.178163515122485,0.2900075641023496
62Z1854635779617,161116.0,11.024770767756946,11.002251791197542,2.8707013478144696,14614,5.039877103508964,2.2406445723279047,0.2603864885980328
62Z1908641756932,759504.0,51.97098672505816,52.517855287691305,11.341512201392565,14614,5.039877103508964,1.6436284412207471,0.21822776352876475
62Z1931450722959,507069.9999999999,34.6975502942384,33.66349077090119,10.898048899958734,14614,5.039877103508964,1.7760958786095522,0.3140869833040743
62Z1942693584669,230392.0,15.7651566990557,15.492548076923077,4.546354151289548,14614,5.039877103508964,2.2321933139455314,0.2883798897832627
62Z1971620996431,223230.0,15.275078691665525,14.43269833228907,5.431843184176274,14614,5.039877103508964,2.2406445723279047,0.35560164983896464
62Z1993541756298,150793.0,10.318393321472561,9.885922272261539,3.89266439765383,14614,5.039877103508964,2.178163515122485,0.3772548958327845
62Z2035372013978,166499.0,11.393116189954839,11.01434655871427,4.2024415997100535,14614,5.039877103508964,2.190487030929246,0.3688579603370754
62Z2063504976595,209827.0,14.357944436841384,14.041027785720077,4.729943428828387,14614,5.039877103508964,2.2406445723279047,0.32943040346999214
62Z2088310794305,183493.0,12.555973723826467,12.634978052349211,4.142207895303191,14614,5.039877103508964,0.7857774127548925,0.32989937589968465
62Z2146506845449,174823.0,11.962706993294102,11.970275588426796,2.855364665811636,14614,5.039877103508964,2.2406445723279047,0.23868884086287986
62Z220653865958K,222340.0,15.214178185301765,14.916783197174876,6.117640722257964,14614,5.039877103508964,1.7971016812645406,0.40210129313249027
62Z2218971118163,282282.0,19.315861502668675,18.596450674035705,6.424933983311611,14614,5.039877103508964,1.4176984959627754,0.3326247696704568
62Z2265922863404,197814.0,13.535924456001094,13.678025702263163,3.0174543513109207,14614,5.039877103508964,2.2406445723279047,0.2229219261025903
62Z2295513355879,128325.0,8.780963459696181,2.370999999999996,9.705729958716244,14614,5.039877103508964,1.7760958786095522,1.1053149239561986
62Z2312293868557,193291.0,13.226426714109758,13.290487655559524,3.6141963592061175,14614,5.039877103508964,1.68384176679896,0.2732556900913038
62Z2338430234645,213993.0,14.643013548651977,14.244450161936058,5.149813367874268,14614,5.039877103508964,2.190487030929246,0.351690814924388
62Z2395399053131,262054.0,17.9317093198303,18.0,4.777090016898634,14614,5.039877103508964,2.190487030929246,0.26640460938187027
62Z2410378897684,416896.0,28.527165731490353,28.413916475500834,7.408588818374027,14614,5.039877103508964,1.897093938004653,0.2597029402817922
62Z2462903940798,248077.0,16.975297659778295,16.925728363267773,5.361800803464139,14614,5.039877103508964,0.7857774127548925,0.31585901531308797
62Z2483925041819,257791.0,87.32757452574526,89.92213664667773,20.914958507266103,2952,5.1649778119512195,2.37385,0.2395000504806201
62Z2496863291167,199009.0,13.61769536061311,13.25988352828764,4.152651869006725,14614,5.039877103508964,1.68384176679896,0.3049452759104577
62Z2532379651825,43403.0,2.969960312029561,2.5979145638834056,1.5695849142113814,14614,5.039877103508964,1.68384176679896,0.5284868312394334
62Z2534451404528,74839.0,5.121048309839879,5.168419553551679,1.4663214574383776,14614,5.039877103508964,1.4176984959627754,0.2863322836890452
62Z2548630158379,133017.0,9.10202545504311,9.05252814738997,2.5941304634492353,14614,5.039877103508964,2.2406445723279047,0.2850058458155508
62Z2553437444859,194425.0,13.304023539072123,12.73781156117383,5.456925977475911,14614,5.039877103508964,1.68384176679896,0.410171100603487
62Z2588424624258,104530.0,7.152730258656083,7.414367246827981,1.6348593412759902,14614,5.039877103508964,1.897093938004653,0.22856437781887803
62Z263077610044S,136367.0,9.331257698097714,9.452607633942847,2.3987904634925834,14614,5.039877103508964,2.0967634165868345,0.25707043370815974
62Z2634468308280,225503.0,15.430614479266456,15.913529904631217,3.53050824264162,14614,5.039877103508964,1.68384176679896,0.2287989404041837
62Z2634769525063,284081.0,19.43896263856576,19.4127474633969,4.85131423589308,14614,5.039877103508964,2.1115991302860273,0.2495665188567397
62Z2636920381647,287422.0,19.667579033803204,19.583954442676493,5.818428090702568,14614,5.039877103508964,1.6436284412207471,0.29583855138968945
62Z263750576887Y,138841.0,9.500547420281922,9.265215152733402,2.7914261807583345,14614,5.039877103508964,2.0967634165868345,0.29381740412127755
62Z2651182694771,248534.0,17.006569043383056,17.756931681981623,4.567126952943933,14614,5.039877103508964,2.2321933139455314,0.2685507547873636
62Z2652760199060,192220.0,13.153140823867524,12.875773022485573,4.415842720744905,14614,5.039877103508964,2.1115991302860273,0.33572534346564376
62Z2655661084314,199435.0,13.646845490625427,12.654203926662337,7.1205177119542915,14614,5.039877103508964,1.7760958786095522,0.5217702301125681
62Z2673921373211,696293.0,47.64561379499111,47.70650000000005,11.392257474558155,14614,5.039877103508964,1.3683091467086357,0.2391040133007123
62Z2718723694345,142651.0,9.76125632954701,9.966878045246247,2.4172425108519207,14614,5.039877103508964,2.1115991302860273,0.24763641372012793
62Z2749095020078,128628.0,22.059338020922656,22.89513616424611,5.936632281707182,5831,5.383465886756988,0.8126,0.26912105322818186
62Z2752425371057,239628.0,16.39715341453401,16.701402607664956,3.909708248661577,14614,5.039877103508964,1.6871056459559326,0.23843823069900127
62Z2763068988417,206167.0,14.107499657862324,14.035355125099723,3.7880447423970414,14614,5.039877103508964,1.6436284412207471,0.2685128360280276
62Z277440221246K,242393.0,16.586355549473108,16.241762501615195,5.410639493006345,14614,5.039877103508964,2.0967634165868345,0.3262102682453484
62Z2784380964731,94405.0,7.609624375302273,5.936738489784656,4.199934957629174,12406,5.000438663192004,1.9019529026277608,0.5519240833043539
62Z2863396690510,560021.0,38.320856712741204,38.54898365498186,11.23304138656965,14614,5.039877103508964,0.7857774127548925,0.29313126976189974
62Z2871189104161,210280.0,14.388942110305187,13.888632626267434,4.832382117840046,14614,5.039877103508964,1.68384176679896,0.33583998606674165
62Z2923711919630,154551.0,10.57554399890516,10.643719594761507,3.745500329230408,14614,5.039877103508964,1.68384176679896,0.3541662092860815
62Z2924124864686,584984.0,40.02901327494184,38.57444345034472,12.377828094456197,14614,5.039877103508964,1.4176984959627754,0.30922141421369276
62Z2948906740151,410966.0,28.12139044751608,25.000000000000004,15.122661982943313,14614,5.039877103508964,0.7857774127548925,0.5377636646796415
62Z2986251549800,179285.0,12.268030655535787,11.691379097576979,5.0161436125461725,14614,5.039877103508964,1.6436284412207471,0.408879285794962
62Z3004068068544,239340.0,16.377446284384835,16.652340332458444,4.207221604746867,14614,5.039877103508964,1.449324227453127,0.25689118631140107
62Z3050335819767,149045.0,10.198781989872725,10.30845531587057,2.5416294410960907,14614,5.039877103508964,1.6436284412207471,0.24920911571792592
62Z3064979528589,118988.0,20.406105299262563,19.45465914548588,7.63034828733253,5831,5.383465886756988,0.8126,0.37392477277907
62Z308384437449W,156475.0,10.707198576707267,10.986565601574606,2.5093754240834767,14614,5.039877103508964,2.0967634165868345,0.23436339637358
62Z3089684577498,95444.0,16.36837592179729,15.703542915097433,4.959152689248715,5831,5.383465886756988,1.97219,0.30297157842304656
62Z3123385628010,163707.0,11.202066511564253,11.095111008374223,5.532160727253152,14614,5.039877103508964,1.4176984959627754,0.4938518014994934
62Z3139295037679,84546.0,14.499399759903962,14.891672020348045,3.087971035164616,5831,5.383465886756988,1.76339,0.21297233584137482
62Z3151696887521,452632.0,30.972492130833448,30.810499573446016,9.518265540860533,14614,5.039877103508964,0.7857774127548925,0.30731351873958496
62Z3251275644497,261508.0,17.894347885589163,18.178456481544888,5.297909866599829,14614,5.039877103508964,1.3683091467086357,0.29606610425107416
62Z3261331410025,36754.0,2.5149856302175997,2.42047205775002,0.7902076491241109,14614,5.039877103508964,1.7509619898727247,0.314199667636169
62Z3307823675943,214319.0,16.325335161486898,15.232326968422027,6.275475631147527,13128,5.121178006691042,1.6823285740402192,0.384401028773486
62Z3311530591901,151531.0,25.98713771222775,26.784533680160408,6.960818035454358,5831,5.383465886756988,0.8126,0.26785628000035877
62Z3319570183213,29133.0,4.996227062253473,4.9684673871862435,1.2687835935702458,5831,5.383465886756988,1.76339,0.25394834497333274
62Z3352742280770,219564.0,15.024223347475024,14.553959312692493,4.899878240070636,14614,5.039877103508964,1.4176984959627754,0.32613188227756956
62Z3363428137139,1314354.0,89.9380046530724,79.0,47.178685485376626,14614,5.039877103508964,1.7275544128917475,0.5245689591109352
62Z3386096691495,240383.0,16.448816203640344,16.40052535925765,5.184686604952249,14614,5.039877103508964,1.68384176679896,0.3152011999383158
62Z3402828150471,196305.0,13.432667305323662,12.26730664899232,4.96927946342633,14614,5.039877103508964,1.68384176679896,0.36993988985768267
62Z3405350712029,612533.0,41.914123443273574,41.384944652035855,12.646460923634711,14614,5.039877103508964,1.4176984959627754,0.3017231397132851
62Z3418886958455,205409.00000000003,14.05563158615027,14.262500000000005,3.4087271237321164,14614,5.039877103508964,1.7760958786095522,0.24251682344114006
62Z3423083910179,209209.0,14.315656220062953,14.153458870168484,4.163348426972012,14614,5.039877103508964,1.8445819002326536,0.2908248398098025
62Z3459585554968,232580.0,39.88681186760419,36.736983108836135,16.713983111168805,5831,5.383465886756988,0.8126,0.4190353234208672
62Z3470960064884,507934.0,34.75667168468592,34.31158798283262,9.033502432106,14614,5.039877103508964,1.7509619898727247,0.2599070047344676
62Z3500556180000,261173.0,17.8714246612837,17.90711497203953,4.93128907994495,14614,5.039877103508964,1.897093938004653,0.27593150369416247
62Z3500904013798,176480.0,12.076091419187081,12.291927430406488,2.8177516766933586,14614,5.039877103508964,2.2406445723279047,0.2333330859201991
62Z3522594292484,162841.0,11.142808266046258,11.207559924685164,2.733969586428494,14614,5.039877103508964,1.68384176679896,0.24535732116645076
62Z3550947401928,95436.0,16.367003944434916,16.018090598520708,4.068265135159857,5831,5.383465886756988,1.76339,0.24856504886119626
62Z3584090129468,227380.0,25.959584427446057,21.445266193400137,19.55195405818271,8759,5.530382962237699,1.3952339559310423,0.7531689928561102
62Z3599582761965,254091.0,17.386820856712742,17.70634966561128,4.140993139482082,14614,5.039877103508964,2.1115991302860273,0.2381685055369578
62Z3627036877597,103890.0,7.108936636102368,5.186534504780596,5.104145612634301,14614,5.039877103508964,2.1115991302860273,0.717990027750868
62Z3670413006670,174623.0,11.949021486246066,11.937912103263299,3.16787902085182,14614,5.039877103508964,1.3683091467086357,0.26511618750524557
62Z3714266119413,89296.0,15.31401131881324,15.228179631320993,4.436071757651974,5831,5.383465886756988,0.8126,0.2896740550401884
62Z3735193775209,140404.0,9.607499657862324,9.471957503320052,3.190714774964591,14614,5.039877103508964,1.7509619898727247,0.33210667588767084
62Z3737130651612,263440.0,18.02654988367319,18.803366747325406,4.781763499024755,14614,5.039877103508964,0.7857774127548925,0.2652622675931816
62Z3760655590536,146871.0,10.050020528260571,9.6952030564596,3.7002254069019376,14614,5.039877103508964,1.897093938004653,0.36818088047650604
62Z3769305559380,239980.0,16.421239906938553,16.57415024940442,4.498427636571974,14614,5.039877103508964,2.178163515122485,0.27393958446896755
62Z3777584435448,143743.0,9.835979198029287,9.800802098391104,2.626549444478482,14614,5.039877103508964,1.3683091467086357,0.26703487183103547
62Z3782531100736,150346.0,10.2878062132202,10.236818704101514,2.809497226321046,14614,5.039877103508964,1.7760958786095522,0.27309002211868466
62Z3786741394110,323293.0,22.122143150403723,22.56027972474574,5.408723640835465,14614,5.039877103508964,1.897093938004653,0.24449365525133387
62Z3816201773292,111124.0,8.01182408074982,7.738411999859371,2.7311783613348575,13870,4.986526735229993,1.6402221571737563,0.34089345120509046
62Z3831028766926,213797.0,15.414347512617159,15.50997054853356,4.196707896913723,13870,4.986526735229993,2.3523402126892576,0.27225984709885237
62Z3839853638432,241635.0,16.53448747776105,15.90224008335194,6.639673081114651,14614,5.039877103508964,1.7275544128917475,0.4015650978020962
62Z3896175377334,549090.0000000001,37.5728753250308,38.22577881652244,8.471475000524078,14614,5.039877103508964,1.6436284412207471,0.2254678388928206
62Z3914112748257,138120.0,9.906756562903457,8.991099039860066,3.9672772873306656,13942,4.98531159633625,2.2342241127528335,0.4004617719371861
62Z3914826994899,64302.0,4.4000273710140965,4.439176724105282,1.1449117305758298,14614,5.039877103508964,1.68384176679896,0.2602055928374728
62Z3948925189967,184973.0,12.657246475981935,13.00959259277978,3.066756324374078,14614,5.039877103508964,1.897093938004653,0.2422925341774355
62Z3958647570133,187289.0,12.815724647598193,12.859903632407166,3.36982118834631,14614,5.039877103508964,1.68384176679896,0.2629442564512223
62Z3962336886350,181936.0,12.449432051457507,12.273370258509505,3.6376614658172546,14614,5.039877103508964,2.1115991302860273,0.29219497329529814
62Z3982298183754,250754.0,17.15847817161626,17.005758780111933,5.236981558607184,14614,5.039877103508964,1.7509619898727247,0.3052124731708582
62Z3982836134374,254258.0,17.39824825509785,17.742106352188262,6.5705468404029,14614,5.039877103508964,1.7760958786095522,0.3776556549868558
62Z4015550378470,105036.0,7.1873545914876145,7.429924333435602,2.275721788791351,14614,5.039877103508964,2.1115991302860273,0.31662856755204694
62Z4022724546559,718515.9999999998,49.16627891063362,50.042888913456835,13.910977986645845,14614,5.039877103508964,1.8445819002326536,0.2829373768946585
62Z4026142936382,459508.0000000002,31.44299986314494,32.56300000000004,9.598247253641576,14614,5.039877103508964,1.3683091467086357,0.30525863611671167
62Z4059172108670,348104.0,23.819898727247846,23.850426215432527,6.087978902184618,14614,5.039877103508964,1.68384176679896,0.25558374415842966
62Z4101656497928,230440.0,15.76844122074723,15.794210283259218,4.443773252093566,14614,5.039877103508964,1.5475602449705763,0.281814365154033
62Z4106130995736,62750.0,4.293827836321336,4.2805780300235,1.1754393898124496,14614,5.039877103508964,1.68384176679896,0.2737509361389504
62Z4108523399069,224749.0,15.37902011769536,15.4488052097944,3.752111365736817,14614,5.039877103508964,2.2406445723279047,0.24397597096706924
62Z4150188688382,175813.0,12.03045025318188,11.842358176582776,3.5437888469127907,14614,5.039877103508964,2.178163515122485,0.29456826405774045
62Z4166968219279,227126.0,15.54167236896127,15.596521235724435,4.703554452586109,14614,5.039877103508964,1.4176984959627754,0.3026414623164824
62Z4216533809712,238386.0,16.312166415765706,16.540525885959863,3.8737635195332065,14614,5.039877103508964,2.1115991302860273,0.2374769494620417
62Z4220821460615,148842.0,25.525981821299947,25.890063942592924,7.180028239657426,5831,5.383465886756988,0.8126,0.28128313691997187
62Z4242835948103,238778.0,16.338990009579856,15.809180284864276,5.22170952364289,14614,5.039877103508964,1.897093938004653,0.319585820211733
62Z4272248913477,224393.0,15.354659915149856,15.575577619003433,4.367798415586989,14614,5.039877103508964,1.7275544128917475,0.2844607721514854
62Z4312225157283,247156.0,16.912275899822088,17.2717573439856,3.990078220080962,14614,5.039877103508964,1.3683091467086357,0.23592792854821723
62Z4312238198106,123218.0,8.43150403722458,8.024127490039842,6.861893659396244,14614,5.039877103508964,1.7509619898727247,0.8138398118652851
62Z435223622742X,228560.0,15.639797454495689,15.684116877575672,4.460874245990136,14614,5.039877103508964,2.0967634165868345,0.28522583230180193
62Z4376937874218,226842.0,15.522238948953058,15.37234460995878,4.402884050634976,14614,5.039877103508964,1.68384176679896,0.2836500626690804
62Z4393630336378,203994.0,13.958806623785412,13.839570102589153,3.573518028150145,14614,5.039877103508964,1.912564885041741,0.25600455142497436
62Z4437758189134,517409.0,35.40502258108663,34.0,9.129758135901708,14614,5.039877103508964,1.6871056459559326,0.25786618593427557
62Z4515858754299,237602.0,16.258519228137402,16.448907868661795,3.773059023629551,14614,5.039877103508964,1.912564885041741,0.23206658433566327
62Z4534322132001,541185.0000000001,37.03195565895717,30.717423838936917,23.839222328749738,14614,5.039877103508964,1.4176984959627754,0.6437473232117457
62Z4535568873600,98012.0,6.706719583960585,6.639356325105553,1.8306517140761704,14614,5.039877103508964,1.897093938004653,0.27295784342232743
62Z4548758318973,232102.0,15.882167784316408,15.899114055177572,4.633011948179205,14614,5.039877103508964,1.6436284412207471,0.29171156048069774
62Z4603551328872,219180.0,15.802451333813988,15.154638069705095,5.748756845187927,13870,5.113746682119682,1.7520762191780823,0.3637889289294486
62Z4620750607760,188843.0,12.922061037361434,13.111858819693454,3.1539557825637936,14614,5.039877103508964,2.1115991302860273,0.24407528903050302
62Z4670013981058,312563.0,21.387915697276583,21.36855592162855,5.786087131665541,14614,5.039877103508964,1.3683091467086357,0.27053066851214064
62Z4695844209784,229785.0,15.72362118516491,15.839863248939103,4.893195879614505,14614,5.039877103508964,0.7857774127548925,0.3112003158808729
62Z4714370201362,228369.0,15.626727795264815,15.473864781034637,4.139434488917695,14614,5.039877103508964,1.912564885041741,0.2648945155473957
62Z4799325639679,105498.0,7.218968112768578,7.276187192909644,1.7796645483367648,14614,5.039877103508964,2.1115991302860273,0.2465261683576322
62Z4867412057712,195822.0,13.399616805802655,13.530234350483237,3.901102705643826,14614,5.039877103508964,1.3683091467086357,0.2911353930624693
62Z4869256917783,212018.0,14.50786916655262,13.26276801475925,14.827019519627346,14614,5.039877103508964,2.2406445723279047,1.0219984306041658
62Z4900871168424,3331.0,1.508605072463768,1.5824370920733961,0.9784556617421759,2208,5.5764503464130435,2.13179,0.6485830384649428
62Z4932099022421,152796.0,10.455453674558642,10.369168368642711,4.077958207620263,14614,5.039877103508964,2.1115991302860273,0.39003168437761804
62Z4935598443531,177108.0,12.119063911317914,11.392496585705487,4.66106665863396,14614,5.039877103508964,2.2406445723279047,0.3846061620552244
62Z4948939192262,144558.0,39.36764705882353,13.005954183065901,58.820612535213705,3672,5.076801964509803,1.7874,1.494135843255335
62Z4971310138140,192721.0,13.187423019022855,13.39894319682959,3.3848030120490216,14614,5.039877103508964,2.1115991302860273,0.25666902526493945
62Z4973549241143,172754.0,11.821130422882169,12.0,3.7092643245110546,14614,5.039877103508964,2.2406445723279047,0.3137825395556951
62Z4988166368088,61533.0,10.552735379866233,10.36128481673852,3.174841980440871,5831,5.383465886756988,1.9890199999999998,0.3008548841751697
62Z5016551205400,237233.0,16.233269467633775,16.320379909549843,4.153667780719311,14614,5.039877103508964,1.6436284412207471,0.2558737652326279
62Z5036679942884,392383.0,26.849801560147803,26.71040538136895,7.037132962305667,14614,5.039877103508964,1.68384176679896,0.262092550164342
62Z5038669404578,68665.0,4.698576707267004,4.614124872057318,1.6380828411653676,14614,5.039877103508964,2.2406445723279047,0.3486338402503558
62Z5064314448909,52940.0,3.810277817763063,3.852595022187922,2.5406144011363208,13894,5.005777752891896,2.245227334101051,0.66677930656192
62Z5087432881718,196255.0,13.429245928561652,13.12225310431705,3.4764115128444213,14614,5.039877103508964,1.5785648528807992,0.2588687057588768
62Z510430374778H,250966.0,17.172984809087176,16.81159619256819,5.590034197268258,14614,5.039877103508964,2.0967634165868345,0.325513255815044
62Z5156908732276,97970.0,6.703845627480498,6.721817801976636,2.1716593712368746,14614,5.039877103508964,2.2406445723279047,0.3239423298076522
62Z5197867294689,672737.0000000001,115.37249185388443,115.35099999999996,23.537233314329875,5831,5.383465886756988,1.97219,0.20401079092700042
62Z5227218120709,211054.0,14.441905022581087,14.688840229452818,3.546241361334127,14614,5.039877103508964,1.897093938004653,0.24555218690257907
62Z5276218736734,145354.0,9.946215957301218,10.01519753766533,2.8454472835975912,14614,5.039877103508964,1.897093938004653,0.2860834005427797
62Z5292138491045,256077.0,17.52271794169974,17.25475849011655,4.751527937120795,14614,5.039877103508964,1.68384176679896,0.271163865841459
62Z5320867133425,165518.0,11.32598877788422,11.535014820782493,3.669668801823949,14614,5.039877103508964,2.1115991302860273,0.324004276694107
62Z5360291486920,208238.0,14.249213083344738,11.979414657868986,12.426491879814732,14614,5.039877103508964,1.5475602449705763,0.8720826762243802
62Z5387901249939,220099.0,15.06083207882852,15.122571168553318,4.215706831211419,14614,5.039877103508964,1.897093938004653,0.27991194703894007
62Z5422632680702,20517.0,1.4039277405227863,1.3914108952437778,0.48246171945933625,14614,5.039877103508964,1.68384176679896,0.34365138997800554
62Z5423451602138,161888.0,27.763333904990567,28.063568132021818,8.226607322584643,5831,5.383465886756988,1.52809,0.2963119397237044
62Z544498288615D,186850.0,13.47152126892574,14.083203456777907,4.171300173784357,13870,5.018021416020187,2.090484390050469,0.309638391278507
62Z5517692082284,213983.0,14.642329273299575,14.476469935461768,4.115511319094762,14614,5.039877103508964,1.897093938004653,0.2810694420456338
62Z5520446881915,188378.0,12.89024223347475,13.204120835844254,5.307005366878483,14614,5.039877103508964,2.190487030929246,0.4117071867816951
62Z5523967416230,211895.0,14.499452579718078,13.904473298562781,4.984033876241998,14614,5.039877103508964,1.897093938004653,0.34373945146133966
62Z5544769493288,172568.0,11.808402901327494,11.926847536617844,3.2318978778276013,14614,5.039877103508964,1.6272098159299302,0.2736947498178838
62Z5611760007206,306214.0,20.953469276036678,20.78121064482955,6.648685353707877,14614,5.039877103508964,0.7857774127548925,0.3173071373584712
62Z5641732606491,397325.0,27.187970439304777,27.516124156508944,7.447788196960611,14614,5.039877103508964,1.897093938004653,0.27393689475966115
62Z5644220618430,296081.0,20.260093061447925,20.0,6.15627645565428,14614,5.039877103508964,2.190487030929246,0.3038622002861773
62Z5644272506149,182168.0,31.10792349726776,17.298415581794327,35.41462006604549,5856,4.965982834303278,1.6578070491803278,1.1384437173749635
62Z5678475791091,205377.0,17.574619202464486,18.0,6.099811853854548,11686,5.018007850655485,2.057630498887558,0.3470807409015822
62Z568600499251K,2763.0,1.951271186440678,1.6822735661385808,0.7872429453036582,1416,6.099708960169491,1.9296400000000002,0.40345132484617446
62Z568915908644K,247637.0,16.945189544272615,17.02552968883007,5.578488282139759,14614,5.039877103508964,2.190487030929246,0.3292077829855411
62Z5692449931680,29081.0,6.659262651705976,7.3518014724866765,3.659747731162594,4367,3.8219140249049692,1.63103,0.5495725161441164
62Z5700239654314,173173.0,11.849801560147803,11.44053287009503,3.5535144889919845,14614,5.039877103508964,1.68384176679896,0.2998796621998167
62Z5706564184731,151825.0,10.389010537840427,10.475130958058116,2.851298359120153,14614,5.039877103508964,1.68384176679896,0.2744533128284664
62Z573331027480C,17950.0,2.0437208243197085,1.9334075354630924,0.7866616473953788,8783,4.8117698286462485,1.34441,0.3849163927060508
62Z5771526107976,161031.0,11.01895442726153,10.989029466974436,2.8227590447265194,14614,5.039877103508964,1.897093938004653,0.25617303922619467
62Z5773779317696,228181.0,15.61386341863966,15.669179817750484,4.622515130466767,14614,5.039877103508964,2.1115991302860273,0.2960519767931657
62Z5807715983143,121865.0,23.95616276783959,24.07930080979656,5.744475514961081,5087,5.288254651590329,2.31163,0.23979113727983442
62Z5821574095639,134884.0,26.51543149203853,26.168418080235586,7.919384746493758,5087,5.288254651590329,1.42898,0.29867078530747715
62Z5838478539480,91166.0,7.784646913158569,8.1875847748063,2.867080761267016,11711,5.457068534260097,1.6969330962343097,0.36829939665223904
62Z5861103133130,224631.0,15.370945668537018,15.478284477529911,4.12729008937162,14614,5.039877103508964,1.6436284412207471,0.26851243758019533
62Z588650225523K,292559.0,20.01909128233201,18.54256350591429,8.019958913718373,14614,5.039877103508964,2.0967634165868345,0.4006155324740661
62Z5917376126498,173351.0,11.861981661420556,12.36419044887423,3.1297251935484653,14614,5.039877103508964,1.7275544128917475,0.26384505413015946
62Z5924116714640,141673.0,9.694334200082112,9.644954794430147,2.142820121044882,14614,5.039877103508964,1.6436284412207471,0.22103840004058578
62Z5944737391486,249419.0,17.06712741207062,16.8131062699832,5.894169855171658,14614,5.039877103508964,0.7857774127548925,0.3453521915470698
62Z5956494916290,1921.0,0.8893518518518518,0.8423053574988149,0.2910793677744253,2160,3.906964280888889,1.6751500000000001,0.32729382321330486
62Z5987473505748,25509.0,34.28629032258065,38.00687375577508,8.22799107775499,744,5.44732117,0.8126,0.23997904119525312
62Z5996705858655,957516.0,65.52045983303681,65.65249335814165,16.58022500145725,14614,5.039877103508964,1.68384176679896,0.2530541611537523
62Z6035944504754,38482.0,2.633228411112632,2.540407995498918,1.1464501007491394,14614,5.039877103508964,1.68384176679896,0.43537814490795496
62Z6043382821714,74414.0,12.761790430457898,13.027205200481118,3.711310816661612,5831,5.383465886756988,2.2789,0.2908142738188225
62Z6057805565288,191896.0,13.835328046142754,13.89071284768735,6.611865266733628,13870,5.002732564686374,2.193635595529921,0.47789725293698365
62Z6070434707477,315611.0,21.596482824688653,21.089342752249806,6.022816079657866,14614,5.039877103508964,1.912564885041741,0.2788794883198623
62Z6082894318884,715943.0,48.990214862460654,48.77021134912572,12.406532706699046,14614,5.039877103508964,1.68384176679896,0.2532451172449481
62Z6084896400004,71076.0,4.86355549473108,4.976876571691125,1.1378908755421773,14614,5.039877103508964,1.68384176679896,0.23396276176449685
62Z6091309944129,133263.0,9.118858628712195,7.2425410365269105,6.244944840975544,14614,5.039877103508964,1.8445819002326536,0.6848384315677764
62Z6136241721979,220362.0,15.078828520596689,15.137393527208928,4.452319856259048,14614,5.039877103508964,2.190487030929246,0.2952696126345274
62Z6153652780082,222499.0,16.041744772891132,15.42618019129898,5.001649192579376,13870,4.986526735229993,2.3523402126892576,0.3117896004075342
62Z6186862204513,226079.0,15.470028739564802,16.07899999999999,5.239796638304343,14614,5.039877103508964,1.8445819002326536,0.33870632863812944
62Z6235725021728,170920.0,11.695634323251676,11.990120607755282,2.683597187755175,14614,5.039877103508964,2.1115991302860273,0.22945289785779388
62Z6295419983830,226415.0,15.493020391405501,15.072094591913661,4.464081765026747,14614,5.039877103508964,1.6871056459559326,0.2881350215935379
62Z6308545383007,173537.0,11.874709182975229,11.819120019768304,6.342005147880737,14614,5.039877103508964,1.7760958786095522,0.5340766708605605
62Z6337618908569,182782.0,12.5073217462707,12.468929028445038,3.599685026598857,14614,5.039877103508964,1.68384176679896,0.2878062225969499
62Z6344783791424,922806.0,63.14534008485014,58.764647454360414,22.621691362092164,14614,5.039877103508964,1.912564885041741,0.3582479931487386
62Z6365807395451,216376.0,14.806076365129329,14.114580461742186,5.203677209299115,14614,5.039877103508964,1.4176984959627754,0.351455516030878
62Z6413133225959,167369.0,11.452648145613795,11.564982650897901,3.5717955437528914,14614,5.039877103508964,2.190487030929246,0.3118750788760449
62Z644025308441R,190338.0,13.024360202545504,12.955000865843703,4.052368588576156,14614,5.039877103508964,2.0967634165868345,0.3111376317574628
62Z6499995405271,262198.0,17.941562884904886,17.65522967125956,5.227850203501907,14614,5.039877103508964,1.897093938004653,0.29138209625541334
62Z6526777505245,222877.0,15.250923771725743,15.775374272836151,4.380281734899588,14614,5.039877103508964,2.190487030929246,0.2872141911180722
62Z6540712406912,114543.0,7.837895169016012,8.041536326158562,2.068128898085616,14614,5.039877103508964,1.4176984959627754,0.2638627914112882
62Z6542983815153,294490.0,20.151224852880798,18.290107683668637,8.410130445441236,14614,5.039877103508964,1.68384176679896,0.4173508313683936
62Z6571743089872,169947.0,11.629054331462982,11.723862307978031,3.0769802557107004,14614,5.039877103508964,2.1115991302860273,0.26459419381899163
62Z6605113197287,765737.0,52.39749555221021,53.12119656650866,11.418548738380528,14614,5.039877103508964,1.6436284412207471,0.2179216509881239
62Z661769289704V,59841.0,4.09477213630765,3.928501254423396,1.5032691583409052,14614,5.039877103508964,1.7509619898727247,0.36711912367764554
62Z662465333459B,201358.0,13.778431640892295,13.994188301841547,4.40400160766098,14614,5.039877103508964,2.0967634165868345,0.31963010903146416
62Z6624735969589,7033.0,1.2061395986966215,1.14690769835795,0.7966160988850869,5831,5.383465886756988,2.2789,0.6604675775058925
62Z6626544596360,150859.0,10.322909538798413,10.311122763649076,2.57552112820616,14614,5.039877103508964,1.6871056459559326,0.24949565997126338
62Z6634912359403,81111.0,13.91030697993483,13.711052222598576,4.078058449068752,5831,5.383465886756988,2.01504,0.2931681130367015
62Z6814717943705,144771.0,24.827816841022123,24.0,5.784422330669811,5831,5.383465886756988,2.2789,0.23298151294206482
62Z6960657066877,178798.0,12.234706445873819,12.477083118755793,3.171860272772279,14614,5.039877103508964,1.8445819002326536,0.25925103203779737
62Z6961364992272,283828.0,19.42165047214999,19.89902577720097,4.5956790911772565,14614,5.039877103508964,1.897093938004653,0.23662659863883911
62Z6964799374009,286508.0,19.60503626659368,19.875482427267748,5.389459149840422,14614,5.039877103508964,1.6436284412207471,0.27490176894106944
62Z6969613150684,401141.00000000006,27.44908991378131,27.823742457790253,6.675792247690316,14614,5.039877103508964,1.3683091467086357,0.24320632373092319
62Z7027336077892,296314.0,20.27603667715889,20.448229970721318,5.570644666268394,14614,5.039877103508964,1.7971016812645406,0.27474031315714514
62Z7029546479880,20855.0,1.4270562474339674,1.417742793987565,0.40980334016090747,14614,5.039877103508964,1.68384176679896,0.28716691503771286
62Z7032230667708,82686.0,5.657999178869577,5.6977952049959555,1.3853925536682221,14614,5.039877103508964,2.2406445723279047,0.2448555593366156
62Z7036676557692,203036.0,13.893253045025318,14.0,3.439780362193341,14614,5.039877103508964,1.7275544128917475,0.2475863896702727
62Z706855223975R,93065.0,15.960384153661465,16.09112541735072,4.234450353887549,5831,5.383465886756988,1.92964,0.2653100522593703
62Z7072263538637,32320.0,2.2115779389626384,2.2630559764786646,0.9741244864270721,14614,5.039877103508964,1.68384176679896,0.44046581821303316
62Z7081538064702,98645.0,16.917338363916997,17.670325474849673,4.349980727877021,5831,5.383465886756988,1.8548399999999998,0.2571315081783254
62Z7081576017171,168816.0,11.551662789106336,11.439442621165952,3.1167571920992416,14614,5.039877103508964,2.2406445723279047,0.26981026446153394
62Z7082490910138,340865.0,23.324551799644176,24.10801787086856,5.832344632122061,14614,5.039877103508964,1.6272098159299302,0.2500517344222252
62Z7083678872650,487398.0,33.351443820993566,33.531398719662825,10.988707030542708,14614,5.039877103508964,1.68384176679896,0.32948219841761994
62Z7088382629051,195340.0,13.366634733816888,13.63117353148421,3.6270302041610996,14614,5.039877103508964,1.7275544128917475,0.27134954133106537
62Z7103224563785,217008.0,14.849322567401122,15.0,4.079733685535507,14614,5.039877103508964,1.5381942993020392,0.27474207439548726
62Z7109147124378,171303.0,11.721842069248666,11.379663889219595,4.787023547701382,14614,5.039877103508964,2.1115991302860273,0.40838492102361307
62Z7119951832999,37425.0,12.677845528455284,13.658673908723587,4.888394089200941,2952,5.1649778119512195,1.97219,0.3855855538095171
62Z7125526126367,152593.0,10.441562884904886,11.001865574056316,3.4245033759494414,14614,5.039877103508964,1.8445819002326536,0.3279684673354946
62Z713390564870T,581835.0000000001,39.81353496647051,40.14556210911736,12.096528602638658,14614,5.039877103508964,1.6436284412207471,0.3038295547688972
62Z7156461265052,191331.0,13.092308745039004,12.15696404957407,4.528494022052783,14614,5.039877103508964,1.6871056459559326,0.3458896448473032
62Z717554526459O,178336.0,12.203092924592855,11.760055745787925,4.49650700800425,14614,5.039877103508964,0.7857774127548925,0.36847273357580135
62Z7178192222681,80359.0,5.498768304365677,5.604124983473624,1.2625684203063603,14614,5.039877103508964,2.2406445723279047,0.22960931438117882
62Z7198199177941,189059.0,13.560393056950222,12.08491308969534,9.616952298364344,13942,4.98531159633625,2.1743800093243437,0.7091942142071824
62Z7219337406431,246176.0,16.845216915286713,16.765278435266545,4.629971801755845,14614,5.039877103508964,1.6871056459559326,0.2748537952962917
62Z7227986894278,109050.0,18.701766420854057,17.765013475847134,7.342805803275973,5831,5.383465886756988,2.23725,0.39262632406145986
62Z7257059210435,188203.0,12.878267414807718,12.952128570993382,3.2872328837361025,14614,5.039877103508964,2.1115991302860273,0.2552542805530167
62Z7258812866213,277995.0,19.02251265909402,18.60587236834666,6.189188337444417,14614,5.039877103508964,1.912564885041741,0.325361241617341
62Z7268415982128,151712.0,10.381278226358287,10.47041775880239,2.8678240409934324,14614,5.039877103508964,2.178163515122485,0.2762496080407484
62Z7306502515032,237043.0,16.220268235938143,16.413356871877703,4.580440407812459,14614,5.039877103508964,0.7857774127548925,0.28238992975861454
62Z7401145918482,197634.0,13.523607499657862,13.564054794520548,3.652297759952454,14614,5.039877103508964,1.6272098159299302,0.2700683053722799
62Z7456298044336,979896.0,67.05186807171205,68.05862541714163,21.85157067422063,14614,5.039877103508964,1.4176984959627754,0.3258905576031133
62Z7458705390604,271470.0,18.57602299165184,18.51203178328793,5.258845249827745,14614,5.039877103508964,1.6272098159299302,0.2830985540979949
62Z7497150291839,79673.0,5.451827015190913,5.621911429833803,1.4105503469690155,14614,5.039877103508964,1.4176984959627754,0.2587298428652767
62Z7511957889375,494875.0,33.8630765019844,32.88420451853567,11.432736531003387,14614,5.039877103508964,1.68384176679896,0.3376165934106259
62Z7581112729322,865633.0,59.233132612563296,59.74078792488626,14.91140832006911,14614,5.039877103508964,1.68384176679896,0.2517410047785724
62Z7591557890876,186737.0,12.777952648145614,12.571485316152277,3.521136285336692,14614,5.039877103508964,1.68384176679896,0.2755634163230126
62Z7612261635040,170431.0,11.662173258519228,10.940537670737005,4.064011303357717,14614,5.039877103508964,1.5785648528807992,0.34847804206552613
62Z7654575712966,319196.9999999999,21.841863966059936,21.389955537249794,5.994591947110403,14614,5.039877103508964,1.912564885041741,0.2744542295669178
62Z7682329447008,221710.0,15.171068838100451,16.0,4.004518619312177,14614,5.039877103508964,2.178163515122485,0.26395758018415116
62Z771900708749Y,63685.0,10.92179729034471,10.918335172631247,2.9312634390966594,5831,5.383465886756988,1.92964,0.26838654492223635
62Z7733696342866,213573.0,14.6142739838511,13.835930300391446,5.095590650862254,14614,5.039877103508964,2.178163515122485,0.34867217191171634
62Z7757948039221,97047.0,6.640687012453811,6.746924953228977,1.7789023685523586,14614,5.039877103508964,1.4176984959627754,0.2678792668915492
62Z7764311653541,244755.0,16.747981387710414,16.032475324591086,5.5758148371742955,14614,5.039877103508964,1.7760958786095522,0.3329245900204905
62Z7766151236986,45477.0,3.1118790201176956,2.826818068562564,1.2902416423980136,14614,5.039877103508964,1.68384176679896,0.41461818857894256
62Z7776579634526,302490.0,20.698645134802245,20.893638336951078,5.062049869737922,14614,5.039877103508964,1.912564885041741,0.24455947897897445
62Z7841956124522,235998.0,16.148761461612153,16.18985592705702,4.013408120790107,14614,5.039877103508964,1.3683091467086357,0.24852730225352174
62Z7876545081062,242953.0,16.62467496920761,15.861589846359387,6.67610875219037,14614,5.039877103508964,1.6272098159299302,0.4015783024062681
62Z7878159195687,217173.0,14.860613110715752,14.994163906580862,8.023729077061999,14614,5.039877103508964,2.190487030929246,0.5399325732581124
62Z7932254060039,248035.0,16.972423703298208,17.040429406554388,4.67845477819206,14614,5.039877103508964,2.1115991302860273,0.27565036437800616
62Z7941626132802,205569.0,14.066579991788696,13.720910754408436,4.585993558199985,14614,5.039877103508964,2.1115991302860273,0.3260205082455749
62Z7973386804189,163317.0,11.175379772820582,11.430569300776778,3.6227820177100254,14614,5.039877103508964,2.190487030929246,0.3241752934894366
62Z8036354573038,163812.0,11.209251402764473,11.117689847475436,3.1268820554782373,14614,5.039877103508964,1.6871056459559326,0.2789554755375611
62Z811968840923V,160010.0,10.949089913781306,10.00969555943378,5.076765345031954,14614,5.039877103508964,2.0967634165868345,0.4636700753221485
62Z8138279652086,195411.0,13.37149308881894,13.584946812001759,3.10420516013058,14614,5.039877103508964,1.912564885041741,0.23215097517615843
62Z8150719476557,279021.0,19.092719310250445,18.740882403544276,5.581241596163166,14614,5.039877103508964,2.1115991302860273,0.29232303190917
62Z8163712471249,228944.0,15.666073628027918,15.595887744192227,3.993176983412303,14614,5.039877103508964,1.6436284412207471,0.2548932858497598
62Z8234166113338,265099.0,18.140071164636648,18.0601892248256,4.70864990970412,14614,5.039877103508964,1.912564885041741,0.2595717440669939
62Z8267336736253,262157.0,17.93875735596004,17.376746063446166,5.891325506258832,14614,5.039877103508964,1.6436284412207471,0.3284132445384505
62Z8292498523912,259098.0,17.729437525660327,17.204383223893863,6.559706912011766,14614,5.039877103508964,1.68384176679896,0.36998956692888385
62Z8388771014002,176087.0,12.04919939783769,12.030039867725684,3.2192562162246627,14614,5.039877103508964,1.3683091467086357,0.267175943391092
62Z8403052924571,258385.0,17.680648693034076,17.765653153153153,4.5254704445386285,14614,5.039877103508964,1.3683091467086357,0.2559561316503958
62Z8410886810640,444135.0,32.02126892573901,32.30242946981813,8.96421942910963,13870,5.018021416020187,0.7843386236481615,0.2799457900902891
62Z8426544240206,139909.0,23.993997599039616,22.0,9.796740364501996,5831,5.383465886756988,1.6761500000000003,0.4082996309416202
62Z8461462561806,351620.00000000006,24.060489941152323,19.648715691474333,11.73836818114544,14614,5.039877103508964,1.6436284412207471,0.487869042145667
62Z8464597395452,210218.0,14.384699603120296,14.314451543656768,3.8746148262520768,14614,5.039877103508964,2.2406445723279047,0.2693566729340392
62Z8494140974602,151307.0,10.353565074586013,10.427248095398276,3.7740275023167786,14614,5.039877103508964,2.1115991302860273,0.3645147806701435
62Z8512981217529,391381.0,26.78123716983714,27.000000000000004,6.999491382332422,14614,5.039877103508964,1.5475602449705763,0.26135802980064443
62Z8521105012164,31478.0,3.3040831321507294,3.933256893720627,4.389302207926651,9527,4.907254390473391,2.0445070788285924,1.3284478726385796
62Z8531625937985,228320.0,15.623374846038045,15.825647887099601,3.7710201563360237,14614,5.039877103508964,1.6871056459559326,0.24137039490493453
62Z8538558470324,168556.0,11.533871629943889,11.528490734869852,2.9049489795636454,14614,5.039877103508964,1.68384176679896,0.25186243377478773
62Z8541926713598,129707.0,22.244383467672783,21.991558494075782,5.466571999128731,5831,5.383465886756988,1.76339,0.2457506636258616
62Z8635999535189,3321.0,1.1535255296978117,0.776937040221649,0.8531063071167571,2879,5.3087980123376175,1.42898,0.7395643053866737
62Z8786952418585,69447.0,13.651857676430115,12.64718477926752,4.981169192351088,5087,5.288254651590329,1.76339,0.36487116335464437
62Z8834115626356,380744.0,26.05337347748734,24.461839378100592,9.208336717437035,14614,5.039877103508964,1.6436284412207471,0.35344124343029654
62Z8852704405887,163798.0,11.20829341727111,11.398170472488765,2.652225447874293,14614,5.039877103508964,1.68384176679896,0.23663062244493166
62Z8888861892130,47060.0,3.2201998084029015,2.862479332552044,2.0258731402735295,14614,5.039877103508964,2.190487030929246,0.6291141111763144
62Z8905288593120,138361.0,9.467702203366635,8.661687770440693,3.7203138260955733,14614,5.039877103508964,2.2406445723279047,0.3929479134623247
62Z8916686891448,66310.0,11.37197736237352,11.0,2.0151306347981977,5831,5.383465886756988,2.2789,0.17720142861571844
62Z8919117976790,200232.0,13.701382236211852,13.391435394882958,4.716465645675457,14614,5.039877103508964,2.178163515122485,0.34423283464132165
62Z8937841078757,237796.0,16.271794169973997,16.0,3.987578797164813,14614,5.039877103508964,0.9223425845080061,0.24506079388116947
62Z8953450714603,116388.0,7.9641439715341455,7.317127806974175,3.3647828939492954,14614,5.039877103508964,1.68384176679896,0.4224914700155944
62Z897401965339V,278770.0,19.07554399890516,19.187886792709744,5.186467904859034,14614,5.039877103508964,2.0967634165868345,0.2718909565649457
62Z8988935135957,1176.0,0.08047078144245244,0.07599737163240401,0.027979426736261366,14614,5.039877103508964,2.1115991302860273,0.3476967196630303
62Z9042463861989,127891.0,21.932944606413994,20.0,9.176212641725305,5831,5.383465886756988,0.8126,0.4183757724460694
62Z904708724460A,122180.0,16.69581852965291,16.221607811570365,5.269251981885331,7318,5.229145383552884,1.8848288343809785,0.31560309382416807
62Z9093615083372,172459.0,11.800944299986314,11.975998759359264,2.7343157976433154,14614,5.039877103508964,2.2406445723279047,0.23170313562504372
62Z9129041027294,262490.0,17.961543725195018,17.97918974902452,5.140773750527368,14614,5.039877103508964,1.7509619898727247,0.28621001786813577
62Z9163183294707,294673.0,20.16374709182975,20.246470965119563,4.931729563082088,14614,5.039877103508964,1.912564885041741,0.24458398236309958
62Z9179474926730,218202.0,14.931025044477899,15.240301401390356,4.22322989533886,14614,5.039877103508964,1.7760958786095522,0.2828492941883305
62Z918309493739N,104398.0,7.14369782400438,7.005324661274562,1.9880048037595734,14614,5.039877103508964,2.0967634165868345,0.2782879193293205
62Z9191598698031,377223.00000000006,64.69267707082834,65.00400000000002,5.896964413505906,5831,5.383465886756988,1.42898,0.09115350732896173
62Z9214767819161,146195.0,10.00376351443821,9.48228328244981,3.756195499099157,14614,5.039877103508964,1.8445819002326536,0.375478238132871
62Z9220346666198,392709.0,26.872108936636103,27.42765989280339,9.85660209657097,14614,5.039877103508964,1.3683091467086357,0.36679674527267814
62Z9278811980047,178765.0,12.232448337210894,10.71053055486403,6.940878364291312,14614,5.039877103508964,1.6436284412207471,0.5674153017411308
62Z9284707003366,616384.0,42.177637881483506,42.64844260361986,10.461687489877088,14614,5.039877103508964,1.6436284412207471,0.24803872419962844
62Z9305845228363,626456.0,42.86684001642261,43.912114092619504,10.326539856039778,14614,5.039877103508964,1.68384176679896,0.24089808934093587
62Z9342951787758,14602.0,1.0527757750540736,0.7165840973373765,0.8837804343781562,13870,4.981039790480173,1.6866746402307138,0.8394764158899484
62Z9357538842306,306103.0,20.945873819625017,21.398833267716505,5.1467074224234794,14614,5.039877103508964,1.6436284412207471,0.24571461982174866
62Z9431825219925,144899.0,24.8497684788201,24.08396296819218,7.765950538437913,5831,5.383465886756988,1.42898,0.3125160117711749
62Z945209821808O,762596.0,52.1825646640208,49.039028043604894,16.966860318139588,14614,5.039877103508964,0.7857774127548925,0.32514423979314333
62Z9487507238058,135719.0,10.302034310004554,10.286778701790459,4.271963258526907,13174,5.20788852715652,2.1969029808714136,0.41467181432101236
62Z9492255746718,113599.0,19.4819070485337,19.577629011473586,4.480829209558261,5831,5.383465886756988,1.76339,0.22999951690537965
62Z9507468441531,338186.0,23.141234432735732,23.140517126858313,6.076142786618865,14614,5.039877103508964,1.6436284412207471,0.26256779016176923
62Z9512175266041,112434.0,22.097877358490567,20.27162869675959,8.915686243648121,5088,5.3614789114150945,0.8125999999999999,0.40346346841419534
62Z9514371217440,224794.0,15.382099356781168,15.529403808165778,3.874650384228379,14614,5.039877103508964,1.68384176679896,0.25189347008867463
62Z9572466865833,791698.0,54.17394279458054,54.32126374761784,11.412715528234619,14614,5.039877103508964,1.3683091467086357,0.2106679879570502
62Z9587735590577,270071.0,18.480292869850828,18.14121688377057,5.762964604477211,14614,5.039877103508964,1.68384176679896,0.3118437919281595
62Z9613656958413,212719.0,14.555836868755987,14.801362285515957,4.3879608659322065,14614,5.039877103508964,1.5475602449705763,0.3014571340347278
62Z9628766695257,201960.0,13.819625017106883,13.632516560550519,3.742783766902148,14614,5.039877103508964,2.2406445723279047,0.2708310654065557
62Z9662014978089,215012.0,14.712741207061722,14.652318315384772,3.908933181665718,14614,5.039877103508964,2.2321933139455314,0.26568354099707364
62Z9672876874134,189569.0,12.971739427945806,12.87661328845969,4.146960070621582,14614,5.039877103508964,2.190487030929246,0.31969190359216854
62Z9732843756703,165155.0,11.301149582592036,11.646596269509619,2.521047586302168,14614,5.039877103508964,2.2406445723279047,0.22307886183415507
62Z9750093264061,132717.0,9.081497194471055,9.134350799952829,2.2972944134813185,14614,5.039877103508964,2.1115991302860273,0.25296428158122913
62Z9755185919256,286294.0,19.59039277405228,19.78107128701659,4.696045625212838,14614,5.039877103508964,2.1115991302860273,0.23971166272035183
62Z9767507424207,209403.0,14.328931161899549,14.008161656761121,4.251710765321655,14614,5.039877103508964,1.6436284412207471,0.2967221153680256
62Z9802763935791,227318.0,15.554810455727385,15.817379332972596,4.811433427681188,14614,5.039877103508964,2.190487030929246,0.3093212509002054
62Z9807667180062,133916.0,9.163541809224032,8.243344607313125,3.970925540009448,14614,5.039877103508964,2.190487030929246,0.43333959976177655
62Z9964019189968,339154.0,23.207472286848226,22.31244036913012,10.042113126860574,14614,5.039877103508964,1.68384176679896,0.4327103358236684
62Z9967272139607,31858.0,2.179964417681675,2.0997574777687955,0.7480195604855892,14614,5.039877103508964,1.8445819002326536,0.34313383944178544
62Z9972124228553,924369.0,63.25229232243055,63.34004523973253,14.682359034046595,14614,5.039877103508964,1.6436284412207471,0.23212374595378785
62Z9997819406173,266312.0,18.22307376488299,18.407077564083423,5.044007258614721,14614,5.039877103508964,1.68384176679896,0.27679234160456734
